Жилая площадь,Количество комнат,Цена
74.9,2,8.6
62.2,2,7.4
78.0,3,7.6
95.5,3,10.9
60.3,2,7.1
60.3,2,5.6
96.6,3,13.4
80.3,3,9.5
55.6,2,4.3
75.9,3,9.3
,2,4.7
55.7,2,7.3
69.8,2,9.4
26.7,1,2.5
30.5,1,4.8
53.8,2,6.5
44.7,1,6.2
71.3,2,10.7
46.8,1,4.8
36.8,1,2.9
94.3,3,9.0
60.5,2,5.4
66.4,2,7.2
36.5,1,4.5
54.1,2,6.4
67.2,2,8.6
42.0,1,4.6
72.5,2,10.2
53.0,2,5.4
59.2,2,10.6
53.0,2,6.8
102.0,4,9.9
64.7,2,5.5
43.8,1,5.5
81.5,3,8.6
40.6,1,5.5
69.2,2,8.3
25.8,1,2.7
38.4,1,3.0
68.9,2,5.3
79.8,3,8.1
68.4,2,8.8
62.7,2,7.2
59.0,2,4.6
35.4,1,4.2
,2,6.1
55.8,2,4.8
86.1,3,9.7
71.9,2,8.0
29.7,1,2.5
71.5,2,8.4
57.3,2,7.1
51.5,2,7.3
77.2,3,10.1
85.6,3,7.3
83.6,3,7.8
48.2,1,6.1
58.8,2,7.2
71.6,2,8.6
84.5,3,15.1
55.4,2,7.0
61.3,2,8.4
42.9,1,6.2
41.1,1,5.5
81.3,3,8.5
92.1,3,11.3
63.6,2,5.8
85.1,3,9.0
72.2,2,7.2
52.1,2,5.9
72.2,2,11.4
95.8,3,7.7
64.3,2,8.1
96.3,3,8.2
25.0,1,2.5
81.4,3,10.6
66.7,2,7.4
59.0,2,4.9
66.8,2,6.3
25.2,1,3.8
60.6,2,5.6
72.1,2,8.3
94.6,3,10.5
54.6,2,5.0
48.8,1,8.6
55.0,2,7.0
83.3,3,6.1
71.6,2,8.2
54.4,2,5.0
75.3,3,9.6
66.9,2,6.2
84.4,3,9.1
51.0,2,6.4
58.4,2,7.7
57.2,2,4.5
35.7,1,3.4
70.9,2,7.1
70.2,2,6.7
65.1,2,9.8
60.3,2,7.2
36.7,1,2.5
56.6,2,7.6
58.1,2,9.6
49.0,1,6.9
61.8,2,4.5
73.1,2,7.3
102.7,4,13.2
68.5,2,6.5
70.2,2,8.4
63.5,2,8.1
26.6,1,2.5
64.5,2,7.0
66.2,2,2.5
114.3,4,11.0
61.2,2,6.4
71.0,2,5.9
64.3,2,9.5
41.6,1,2.5
87.9,3,9.0
80.0,3,9.0
80.8,3,11.0
46.8,1,3.0
93.1,3,12.0
37.0,1,4.1
76.7,3,7.0
108.8,4,12.7
45.2,1,5.3
53.7,2,5.0
67.0,2,7.5
54.9,2,5.5
34.0,1,3.9
66.4,2,8.3
43.8,1,7.2
74.5,2,6.3
46.6,1,8.3
96.0,3,7.6
49.3,1,5.2
58.6,2,7.3
81.3,3,9.4
40.4,1,3.5
69.5,2,7.3
91.1,3,9.3
32.9,1,2.7
68.7,2,8.8
70.2,2,8.3
80.6,3,7.8
40.3,1,5.8
38.6,1,4.7
75.4,3,9.5
70.9,2,8.7
30.0,1,22.0
94.3,3,9.0
94.3,3,9.0
